"Datum";"Cas";"Cena_Spot";"Tarif";"Cena_Konecna";"Cena_Bat";"Sell";"Fix";"Plyn"
"2026-08-18";"00:00";"187.93";"NT";"4,547.91";"4,092.00";"4,547.66";"3.34";"1.07"
"2026-08-18";"00:05";"187.93";"NT";"4,547.91";"4,092.00";"4,547.66";"3.34";"1.07"
"2026-08-18";"00:10";"187.93";"NT";"4,547.91";"4,092.00";"4,547.66";"3.34";"1.07"
"2026-08-18";"00:15";"179.97";"NT";"4,355.27";"3,918.64";"4,355.02";"3.34";"1.07"
"2026-08-18";"00:20";"179.97";"NT";"4,355.27";"3,918.64";"4,355.02";"3.34";"1.07"
"2026-08-18";"00:25";"179.97";"NT";"4,355.27";"3,918.64";"4,355.02";"3.34";"1.07"
"2026-08-18";"00:30";"167.81";"NT";"4,061.00";"3,653.79";"4,060.75";"3.34";"1.07"
"2026-08-18";"00:35";"167.81";"NT";"4,061.00";"3,653.79";"4,060.75";"3.34";"1.07"
"2026-08-18";"00:40";"167.81";"NT";"4,061.00";"3,653.79";"4,060.75";"3.34";"1.07"
"2026-08-18";"00:45";"158.56";"NT";"3,837.15";"3,452.33";"3,836.90";"3.34";"1.07"
"2026-08-18";"00:50";"158.56";"NT";"3,837.15";"3,452.33";"3,836.90";"3.34";"1.07"
"2026-08-18";"00:55";"158.56";"NT";"3,837.15";"3,452.33";"3,836.90";"3.34";"1.07"
"2026-08-18";"01:00";"167.15";"NT";"4,045.03";"3,639.42";"4,044.78";"3.34";"1.07"
"2026-08-18";"01:05";"167.15";"NT";"4,045.03";"3,639.42";"4,044.78";"3.34";"1.07"
"2026-08-18";"01:10";"167.15";"NT";"4,045.03";"3,639.42";"4,044.78";"3.34";"1.07"
"2026-08-18";"01:15";"161.93";"NT";"3,918.71";"3,525.72";"3,918.46";"3.34";"1.07"
"2026-08-18";"01:20";"161.93";"NT";"3,918.71";"3,525.72";"3,918.46";"3.34";"1.07"
"2026-08-18";"01:25";"161.93";"NT";"3,918.71";"3,525.72";"3,918.46";"3.34";"1.07"
"2026-08-18";"01:30";"160";"NT";"3,872.00";"3,483.69";"3,871.75";"3.34";"1.07"
"2026-08-18";"01:35";"160";"NT";"3,872.00";"3,483.69";"3,871.75";"3.34";"1.07"
"2026-08-18";"01:40";"160";"NT";"3,872.00";"3,483.69";"3,871.75";"3.34";"1.07"
"2026-08-18";"01:45";"150.07";"NT";"3,631.69";"3,267.41";"3,631.44";"3.34";"1.07"
"2026-08-18";"01:50";"150.07";"NT";"3,631.69";"3,267.41";"3,631.44";"3.34";"1.07"
"2026-08-18";"01:55";"150.07";"NT";"3,631.69";"3,267.41";"3,631.44";"3.34";"1.07"
"2026-08-18";"02:00";"152.55";"VT";"3,691.71";"3,321.43";"3,691.46";"3.64";"1.07"
"2026-08-18";"02:05";"152.55";"VT";"3,691.71";"3,321.43";"3,691.46";"3.64";"1.07"
"2026-08-18";"02:10";"152.55";"VT";"3,691.71";"3,321.43";"3,691.46";"3.64";"1.07"
"2026-08-18";"02:15";"150.08";"VT";"3,631.94";"3,267.63";"3,631.69";"3.64";"1.07"
"2026-08-18";"02:20";"150.08";"VT";"3,631.94";"3,267.63";"3,631.69";"3.64";"1.07"
"2026-08-18";"02:25";"150.08";"VT";"3,631.94";"3,267.63";"3,631.69";"3.64";"1.07"
"2026-08-18";"02:30";"149.66";"VT";"3,621.77";"3,258.48";"3,621.52";"3.64";"1.07"
"2026-08-18";"02:35";"149.66";"VT";"3,621.77";"3,258.48";"3,621.52";"3.64";"1.07"
"2026-08-18";"02:40";"149.66";"NT";"3,621.77";"3,258.48";"3,621.52";"3.34";"1.07"
"2026-08-18";"02:45";"150.93";"NT";"3,652.51";"3,286.14";"3,652.26";"3.34";"1.07"
"2026-08-18";"02:50";"150.93";"NT";"3,652.51";"3,286.14";"3,652.26";"3.34";"1.07"
"2026-08-18";"02:55";"150.93";"NT";"3,652.51";"3,286.14";"3,652.26";"3.34";"1.07"
"2026-08-18";"03:00";"148.34";"NT";"3,589.83";"3,229.73";"3,589.58";"3.34";"1.07"
"2026-08-18";"03:05";"148.34";"NT";"3,589.83";"3,229.73";"3,589.58";"3.34";"1.07"
"2026-08-18";"03:10";"148.34";"NT";"3,589.83";"3,229.73";"3,589.58";"3.34";"1.07"
"2026-08-18";"03:15";"146.98";"NT";"3,556.92";"3,200.11";"3,556.67";"3.34";"1.07"
"2026-08-18";"03:20";"146.98";"NT";"3,556.92";"3,200.11";"3,556.67";"3.34";"1.07"
"2026-08-18";"03:25";"146.98";"NT";"3,556.92";"3,200.11";"3,556.67";"3.34";"1.07"
"2026-08-18";"03:30";"148.18";"NT";"3,585.96";"3,226.25";"3,585.71";"3.34";"1.07"
"2026-08-18";"03:35";"148.18";"NT";"3,585.96";"3,226.25";"3,585.71";"3.34";"1.07"
"2026-08-18";"03:40";"148.18";"NT";"3,585.96";"3,226.25";"3,585.71";"3.34";"1.07"
"2026-08-18";"03:45";"150.07";"NT";"3,631.69";"3,267.41";"3,631.44";"3.34";"1.07"
"2026-08-18";"03:50";"150.07";"NT";"3,631.69";"3,267.41";"3,631.44";"3.34";"1.07"
"2026-08-18";"03:55";"150.07";"NT";"3,631.69";"3,267.41";"3,631.44";"3.34";"1.07"
"2026-08-18";"04:00";"148.4";"NT";"3,591.28";"3,231.04";"3,591.03";"3.34";"1.07"
"2026-08-18";"04:05";"148.4";"NT";"3,591.28";"3,231.04";"3,591.03";"3.34";"1.07"
"2026-08-18";"04:10";"148.4";"NT";"3,591.28";"3,231.04";"3,591.03";"3.34";"1.07"
"2026-08-18";"04:15";"147.05";"NT";"3,558.61";"3,201.64";"3,558.36";"3.34";"1.07"
"2026-08-18";"04:20";"147.05";"NT";"3,558.61";"3,201.64";"3,558.36";"3.34";"1.07"
"2026-08-18";"04:25";"147.05";"NT";"3,558.61";"3,201.64";"3,558.36";"3.34";"1.07"
"2026-08-18";"04:30";"149.3";"NT";"3,613.06";"3,250.64";"3,612.81";"3.34";"1.07"
"2026-08-18";"04:35";"149.3";"NT";"3,613.06";"3,250.64";"3,612.81";"3.34";"1.07"
"2026-08-18";"04:40";"149.3";"NT";"3,613.06";"3,250.64";"3,612.81";"3.34";"1.07"
"2026-08-18";"04:45";"152.13";"NT";"3,681.55";"3,312.28";"3,681.30";"3.34";"1.07"
"2026-08-18";"04:50";"152.13";"NT";"3,681.55";"3,312.28";"3,681.30";"3.34";"1.07"
"2026-08-18";"04:55";"152.13";"NT";"3,681.55";"3,312.28";"3,681.30";"3.34";"1.07"
"2026-08-18";"05:00";"147.12";"NT";"3,560.30";"3,203.16";"3,560.05";"3.34";"1.07"
"2026-08-18";"05:05";"147.12";"NT";"3,560.30";"3,203.16";"3,560.05";"3.34";"1.07"
"2026-08-18";"05:10";"147.12";"NT";"3,560.30";"3,203.16";"3,560.05";"3.34";"1.07"
"2026-08-18";"05:15";"155.99";"NT";"3,774.96";"3,396.35";"3,774.71";"3.34";"1.07"
"2026-08-18";"05:20";"155.99";"NT";"3,774.96";"3,396.35";"3,774.71";"3.34";"1.07"
"2026-08-18";"05:25";"155.99";"NT";"3,774.96";"3,396.35";"3,774.71";"3.34";"1.07"
"2026-08-18";"05:30";"159.44";"NT";"3,858.45";"3,471.49";"3,858.20";"3.34";"1.07"
"2026-08-18";"05:35";"159.44";"NT";"3,858.45";"3,471.49";"3,858.20";"3.34";"1.07"
"2026-08-18";"05:40";"159.44";"NT";"3,858.45";"3,471.49";"3,858.20";"3.34";"1.07"
"2026-08-18";"05:45";"173.57";"NT";"4,200.39";"3,779.24";"4,200.14";"3.34";"1.07"
"2026-08-18";"05:50";"173.57";"NT";"4,200.39";"3,779.24";"4,200.14";"3.34";"1.07"
"2026-08-18";"05:55";"173.57";"NT";"4,200.39";"3,779.24";"4,200.14";"3.34";"1.07"
"2026-08-18";"06:00";"172.39";"NT";"4,171.84";"3,753.54";"4,171.59";"3.34";"1.07"
"2026-08-18";"06:05";"172.39";"NT";"4,171.84";"3,753.54";"4,171.59";"3.34";"1.07"
"2026-08-18";"06:10";"172.39";"NT";"4,171.84";"3,753.54";"4,171.59";"3.34";"1.07"
"2026-08-18";"06:15";"189.71";"NT";"4,590.98";"4,130.77";"4,590.73";"3.34";"1.07"
"2026-08-18";"06:20";"189.71";"NT";"4,590.98";"4,130.77";"4,590.73";"3.34";"1.07"
"2026-08-18";"06:25";"189.71";"NT";"4,590.98";"4,130.77";"4,590.73";"3.34";"1.07"
"2026-08-18";"06:30";"191.17";"NT";"4,626.31";"4,162.57";"4,626.06";"3.34";"1.07"
"2026-08-18";"06:35";"191.17";"NT";"4,626.31";"4,162.57";"4,626.06";"3.34";"1.07"
"2026-08-18";"06:40";"191.17";"VT";"4,626.31";"4,162.57";"4,626.06";"3.64";"1.07"
"2026-08-18";"06:45";"194.74";"VT";"4,712.71";"4,240.33";"4,712.46";"3.64";"1.07"
"2026-08-18";"06:50";"194.74";"VT";"4,712.71";"4,240.33";"4,712.46";"3.64";"1.07"
"2026-08-18";"06:55";"194.74";"VT";"4,712.71";"4,240.33";"4,712.46";"3.64";"1.07"
"2026-08-18";"07:00";"198.62";"VT";"4,806.60";"4,324.83";"4,806.35";"3.64";"1.07"
"2026-08-18";"07:05";"198.62";"VT";"4,806.60";"4,324.83";"4,806.35";"3.64";"1.07"
"2026-08-18";"07:10";"198.62";"VT";"4,806.60";"4,324.83";"4,806.35";"3.64";"1.07"
"2026-08-18";"07:15";"193.44";"VT";"4,681.25";"4,212.01";"4,681.00";"3.64";"1.07"
"2026-08-18";"07:20";"193.44";"NT";"4,681.25";"4,212.01";"4,681.00";"3.34";"1.07"
"2026-08-18";"07:25";"193.44";"NT";"4,681.25";"4,212.01";"4,681.00";"3.34";"1.07"
"2026-08-18";"07:30";"188.86";"NT";"4,570.41";"4,112.26";"4,570.16";"3.34";"1.07"
"2026-08-18";"07:35";"188.86";"NT";"4,570.41";"4,112.26";"4,570.16";"3.34";"1.07"
"2026-08-18";"07:40";"188.86";"NT";"4,570.41";"4,112.26";"4,570.16";"3.34";"1.07"
"2026-08-18";"07:45";"188.81";"NT";"4,569.20";"4,111.17";"4,568.95";"3.34";"1.07"
"2026-08-18";"07:50";"188.81";"NT";"4,569.20";"4,111.17";"4,568.95";"3.34";"1.07"
"2026-08-18";"07:55";"188.81";"NT";"4,569.20";"4,111.17";"4,568.95";"3.34";"1.07"
"2026-08-18";"08:00";"201.38";"NT";"4,873.40";"4,384.95";"4,873.15";"3.34";"1.07"
"2026-08-18";"08:05";"201.38";"NT";"4,873.40";"4,384.95";"4,873.15";"3.34";"1.07"
"2026-08-18";"08:10";"201.38";"NT";"4,873.40";"4,384.95";"4,873.15";"3.34";"1.07"
"2026-08-18";"08:15";"196.16";"NT";"4,747.07";"4,271.25";"4,746.82";"3.34";"1.07"
"2026-08-18";"08:20";"196.16";"NT";"4,747.07";"4,271.25";"4,746.82";"3.34";"1.07"
"2026-08-18";"08:25";"196.16";"NT";"4,747.07";"4,271.25";"4,746.82";"3.34";"1.07"
"2026-08-18";"08:30";"180";"NT";"4,356.00";"3,919.29";"4,355.75";"3.34";"1.07"
"2026-08-18";"08:35";"180";"NT";"4,356.00";"3,919.29";"4,355.75";"3.34";"1.07"
"2026-08-18";"08:40";"180";"NT";"4,356.00";"3,919.29";"4,355.75";"3.34";"1.07"
"2026-08-18";"08:45";"163.34";"NT";"3,952.83";"3,556.43";"3,952.58";"3.34";"1.07"
"2026-08-18";"08:50";"163.34";"NT";"3,952.83";"3,556.43";"3,952.58";"3.34";"1.07"
"2026-08-18";"08:55";"163.34";"NT";"3,952.83";"3,556.43";"3,952.58";"3.34";"1.07"
"2026-08-18";"09:00";"174.56";"NT";"4,224.35";"3,800.81";"4,224.10";"3.34";"1.07"
"2026-08-18";"09:05";"174.56";"NT";"4,224.35";"3,800.81";"4,224.10";"3.34";"1.07"
"2026-08-18";"09:10";"174.56";"NT";"4,224.35";"3,800.81";"4,224.10";"3.34";"1.07"
"2026-08-18";"09:15";"167.97";"NT";"4,064.87";"3,657.28";"4,064.62";"3.34";"1.07"
"2026-08-18";"09:20";"167.97";"NT";"4,064.87";"3,657.28";"4,064.62";"3.34";"1.07"
"2026-08-18";"09:25";"167.97";"NT";"4,064.87";"3,657.28";"4,064.62";"3.34";"1.07"
"2026-08-18";"09:30";"145.03";"NT";"3,509.73";"3,157.64";"3,509.48";"3.34";"1.07"
"2026-08-18";"09:35";"145.03";"NT";"3,509.73";"3,157.64";"3,509.48";"3.34";"1.07"
"2026-08-18";"09:40";"145.03";"NT";"3,509.73";"3,157.64";"3,509.48";"3.34";"1.07"
"2026-08-18";"09:45";"132.51";"NT";"3,206.74";"2,884.96";"3,206.49";"3.34";"1.07"
"2026-08-18";"09:50";"132.51";"NT";"3,206.74";"2,884.96";"3,206.49";"3.34";"1.07"
"2026-08-18";"09:55";"132.51";"NT";"3,206.74";"2,884.96";"3,206.49";"3.34";"1.07"
"2026-08-18";"10:00";"151.68";"NT";"3,670.66";"3,302.48";"3,670.41";"3.34";"1.07"
"2026-08-18";"10:05";"151.68";"NT";"3,670.66";"3,302.48";"3,670.41";"3.34";"1.07"
"2026-08-18";"10:10";"151.68";"NT";"3,670.66";"3,302.48";"3,670.41";"3.34";"1.07"
"2026-08-18";"10:15";"155.01";"NT";"3,751.24";"3,375.01";"3,750.99";"3.34";"1.07"
"2026-08-18";"10:20";"155.01";"NT";"3,751.24";"3,375.01";"3,750.99";"3.34";"1.07"
"2026-08-18";"10:25";"155.01";"NT";"3,751.24";"3,375.01";"3,750.99";"3.34";"1.07"
"2026-08-18";"10:30";"147.33";"NT";"3,565.39";"3,207.74";"3,565.14";"3.34";"1.07"
"2026-08-18";"10:35";"147.33";"NT";"3,565.39";"3,207.74";"3,565.14";"3.34";"1.07"
"2026-08-18";"10:40";"147.33";"NT";"3,565.39";"3,207.74";"3,565.14";"3.34";"1.07"
"2026-08-18";"10:45";"144.3";"NT";"3,492.06";"3,141.74";"3,491.81";"3.34";"1.07"
"2026-08-18";"10:50";"144.3";"NT";"3,492.06";"3,141.74";"3,491.81";"3.34";"1.07"
"2026-08-18";"10:55";"144.3";"NT";"3,492.06";"3,141.74";"3,491.81";"3.34";"1.07"
"2026-08-18";"11:00";"148.49";"VT";"3,593.46";"3,233.00";"3,593.21";"3.64";"1.07"
"2026-08-18";"11:05";"148.49";"VT";"3,593.46";"3,233.00";"3,593.21";"3.64";"1.07"
"2026-08-18";"11:10";"148.49";"VT";"3,593.46";"3,233.00";"3,593.21";"3.64";"1.07"
"2026-08-18";"11:15";"144.18";"VT";"3,489.16";"3,139.13";"3,488.91";"3.64";"1.07"
"2026-08-18";"11:20";"144.18";"VT";"3,489.16";"3,139.13";"3,488.91";"3.64";"1.07"
"2026-08-18";"11:25";"144.18";"VT";"3,489.16";"3,139.13";"3,488.91";"3.64";"1.07"
"2026-08-18";"11:30";"141.21";"VT";"3,417.28";"3,074.44";"3,417.03";"3.64";"1.07"
"2026-08-18";"11:35";"141.21";"VT";"3,417.28";"3,074.44";"3,417.03";"3.64";"1.07"
"2026-08-18";"11:40";"141.21";"NT";"3,417.28";"3,074.44";"3,417.03";"3.34";"1.07"
"2026-08-18";"11:45";"145.44";"NT";"3,519.65";"3,166.57";"3,519.40";"3.34";"1.07"
"2026-08-18";"11:50";"145.44";"NT";"3,519.65";"3,166.57";"3,519.40";"3.34";"1.07"
"2026-08-18";"11:55";"145.44";"NT";"3,519.65";"3,166.57";"3,519.40";"3.34";"1.07"
"2026-08-18";"12:00";"137.15";"NT";"3,319.03";"2,986.02";"3,318.78";"3.34";"1.07"
"2026-08-18";"12:05";"137.15";"NT";"3,319.03";"2,986.02";"3,318.78";"3.34";"1.07"
"2026-08-18";"12:10";"137.15";"NT";"3,319.03";"2,986.02";"3,318.78";"3.34";"1.07"
"2026-08-18";"12:15";"137.12";"NT";"3,318.30";"2,985.36";"3,318.05";"3.34";"1.07"
"2026-08-18";"12:20";"137.12";"NT";"3,318.30";"2,985.36";"3,318.05";"3.34";"1.07"
"2026-08-18";"12:25";"137.12";"NT";"3,318.30";"2,985.36";"3,318.05";"3.34";"1.07"
"2026-08-18";"12:30";"136.41";"NT";"3,301.12";"2,969.90";"3,300.87";"3.34";"1.07"
"2026-08-18";"12:35";"136.41";"NT";"3,301.12";"2,969.90";"3,300.87";"3.34";"1.07"
"2026-08-18";"12:40";"136.41";"NT";"3,301.12";"2,969.90";"3,300.87";"3.34";"1.07"
"2026-08-18";"12:45";"137.97";"NT";"3,338.87";"3,003.88";"3,338.62";"3.34";"1.07"
"2026-08-18";"12:50";"137.97";"NT";"3,338.87";"3,003.88";"3,338.62";"3.34";"1.07"
"2026-08-18";"12:55";"137.97";"NT";"3,338.87";"3,003.88";"3,338.62";"3.34";"1.07"
"2026-08-18";"13:00";"137.43";"NT";"3,325.81";"2,992.11";"3,325.56";"3.34";"1.07"
"2026-08-18";"13:05";"137.43";"NT";"3,325.81";"2,992.11";"3,325.56";"3.34";"1.07"
"2026-08-18";"13:10";"137.43";"NT";"3,325.81";"2,992.11";"3,325.56";"3.34";"1.07"
"2026-08-18";"13:15";"136.42";"NT";"3,301.36";"2,970.12";"3,301.11";"3.34";"1.07"
"2026-08-18";"13:20";"136.42";"NT";"3,301.36";"2,970.12";"3,301.11";"3.34";"1.07"
"2026-08-18";"13:25";"136.42";"NT";"3,301.36";"2,970.12";"3,301.11";"3.34";"1.07"
"2026-08-18";"13:30";"136.26";"NT";"3,297.49";"2,966.63";"3,297.24";"3.34";"1.07"
"2026-08-18";"13:35";"136.26";"NT";"3,297.49";"2,966.63";"3,297.24";"3.34";"1.07"
"2026-08-18";"13:40";"136.26";"NT";"3,297.49";"2,966.63";"3,297.24";"3.34";"1.07"
"2026-08-18";"13:45";"135.44";"NT";"3,277.65";"2,948.77";"3,277.40";"3.34";"1.07"
"2026-08-18";"13:50";"135.44";"NT";"3,277.65";"2,948.77";"3,277.40";"3.34";"1.07"
"2026-08-18";"13:55";"135.44";"NT";"3,277.65";"2,948.77";"3,277.40";"3.34";"1.07"
"2026-08-18";"14:00";"135.07";"VT";"3,268.69";"2,940.71";"3,268.44";"3.64";"1.07"
"2026-08-18";"14:05";"135.07";"VT";"3,268.69";"2,940.71";"3,268.44";"3.64";"1.07"
"2026-08-18";"14:10";"135.07";"VT";"3,268.69";"2,940.71";"3,268.44";"3.64";"1.07"
"2026-08-18";"14:15";"134.98";"VT";"3,266.52";"2,938.75";"3,266.27";"3.64";"1.07"
"2026-08-18";"14:20";"134.98";"VT";"3,266.52";"2,938.75";"3,266.27";"3.64";"1.07"
"2026-08-18";"14:25";"134.98";"VT";"3,266.52";"2,938.75";"3,266.27";"3.64";"1.07"
"2026-08-18";"14:30";"136.76";"VT";"3,309.59";"2,977.52";"3,309.34";"3.64";"1.07"
"2026-08-18";"14:35";"136.76";"VT";"3,309.59";"2,977.52";"3,309.34";"3.64";"1.07"
"2026-08-18";"14:40";"136.76";"NT";"3,309.59";"2,977.52";"3,309.34";"3.34";"1.07"
"2026-08-18";"14:45";"137.84";"NT";"3,335.73";"3,001.04";"3,335.48";"3.34";"1.07"
"2026-08-18";"14:50";"137.84";"NT";"3,335.73";"3,001.04";"3,335.48";"3.34";"1.07"
"2026-08-18";"14:55";"137.84";"NT";"3,335.73";"3,001.04";"3,335.48";"3.34";"1.07"
"2026-08-18";"15:00";"134.6";"NT";"3,257.32";"2,930.48";"3,257.07";"3.34";"1.07"
"2026-08-18";"15:05";"134.6";"NT";"3,257.32";"2,930.48";"3,257.07";"3.34";"1.07"
"2026-08-18";"15:10";"134.6";"NT";"3,257.32";"2,930.48";"3,257.07";"3.34";"1.07"
"2026-08-18";"15:15";"131.76";"NT";"3,188.59";"2,868.62";"3,188.34";"3.34";"1.07"
"2026-08-18";"15:20";"131.76";"NT";"3,188.59";"2,868.62";"3,188.34";"3.34";"1.07"
"2026-08-18";"15:25";"131.76";"NT";"3,188.59";"2,868.62";"3,188.34";"3.34";"1.07"
"2026-08-18";"15:30";"136.62";"NT";"3,306.20";"2,974.47";"3,305.95";"3.34";"1.07"
"2026-08-18";"15:35";"136.62";"NT";"3,306.20";"2,974.47";"3,305.95";"3.34";"1.07"
"2026-08-18";"15:40";"136.62";"NT";"3,306.20";"2,974.47";"3,305.95";"3.34";"1.07"
"2026-08-18";"15:45";"143.39";"NT";"3,470.04";"3,121.92";"3,469.79";"3.34";"1.07"
"2026-08-18";"15:50";"143.39";"NT";"3,470.04";"3,121.92";"3,469.79";"3.34";"1.07"
"2026-08-18";"15:55";"143.39";"NT";"3,470.04";"3,121.92";"3,469.79";"3.34";"1.07"
"2026-08-18";"16:00";"134.49";"NT";"3,254.66";"2,928.08";"3,254.41";"3.34";"1.07"
"2026-08-18";"16:05";"134.49";"NT";"3,254.66";"2,928.08";"3,254.41";"3.34";"1.07"
"2026-08-18";"16:10";"134.49";"NT";"3,254.66";"2,928.08";"3,254.41";"3.34";"1.07"
"2026-08-18";"16:15";"136.57";"NT";"3,304.99";"2,973.38";"3,304.74";"3.34";"1.07"
"2026-08-18";"16:20";"136.57";"NT";"3,304.99";"2,973.38";"3,304.74";"3.34";"1.07"
"2026-08-18";"16:25";"136.57";"NT";"3,304.99";"2,973.38";"3,304.74";"3.34";"1.07"
"2026-08-18";"16:30";"139.72";"NT";"3,381.22";"3,041.99";"3,380.97";"3.34";"1.07"
"2026-08-18";"16:35";"139.72";"NT";"3,381.22";"3,041.99";"3,380.97";"3.34";"1.07"
"2026-08-18";"16:40";"139.72";"NT";"3,381.22";"3,041.99";"3,380.97";"3.34";"1.07"
"2026-08-18";"16:45";"149.3";"NT";"3,613.06";"3,250.64";"3,612.81";"3.34";"1.07"
"2026-08-18";"16:50";"149.3";"NT";"3,613.06";"3,250.64";"3,612.81";"3.34";"1.07"
"2026-08-18";"16:55";"149.3";"NT";"3,613.06";"3,250.64";"3,612.81";"3.34";"1.07"
"2026-08-18";"17:00";"138.5";"NT";"3,351.70";"3,015.42";"3,351.45";"3.34";"1.07"
"2026-08-18";"17:05";"138.5";"NT";"3,351.70";"3,015.42";"3,351.45";"3.34";"1.07"
"2026-08-18";"17:10";"138.5";"NT";"3,351.70";"3,015.42";"3,351.45";"3.34";"1.07"
"2026-08-18";"17:15";"153.79";"NT";"3,721.72";"3,348.44";"3,721.47";"3.34";"1.07"
"2026-08-18";"17:20";"153.79";"NT";"3,721.72";"3,348.44";"3,721.47";"3.34";"1.07"
"2026-08-18";"17:25";"153.79";"NT";"3,721.72";"3,348.44";"3,721.47";"3.34";"1.07"
"2026-08-18";"17:30";"167.58";"NT";"4,055.44";"3,648.78";"4,055.19";"3.34";"1.07"
"2026-08-18";"17:35";"167.58";"NT";"4,055.44";"3,648.78";"4,055.19";"3.34";"1.07"
"2026-08-18";"17:40";"167.58";"NT";"4,055.44";"3,648.78";"4,055.19";"3.34";"1.07"
"2026-08-18";"17:45";"184.56";"NT";"4,466.35";"4,018.61";"4,466.10";"3.34";"1.07"
"2026-08-18";"17:50";"184.56";"NT";"4,466.35";"4,018.61";"4,466.10";"3.34";"1.07"
"2026-08-18";"17:55";"184.56";"NT";"4,466.35";"4,018.61";"4,466.10";"3.34";"1.07"
"2026-08-18";"18:00";"165.47";"NT";"4,004.37";"3,602.83";"4,004.12";"3.34";"1.07"
"2026-08-18";"18:05";"165.47";"NT";"4,004.37";"3,602.83";"4,004.12";"3.34";"1.07"
"2026-08-18";"18:10";"165.47";"NT";"4,004.37";"3,602.83";"4,004.12";"3.34";"1.07"
"2026-08-18";"18:15";"176.47";"NT";"4,270.57";"3,842.41";"4,270.32";"3.34";"1.07"
"2026-08-18";"18:20";"176.47";"NT";"4,270.57";"3,842.41";"4,270.32";"3.34";"1.07"
"2026-08-18";"18:25";"176.47";"NT";"4,270.57";"3,842.41";"4,270.32";"3.34";"1.07"
"2026-08-18";"18:30";"191.63";"NT";"4,637.45";"4,172.59";"4,637.20";"3.34";"1.07"
"2026-08-18";"18:35";"191.63";"NT";"4,637.45";"4,172.59";"4,637.20";"3.34";"1.07"
"2026-08-18";"18:40";"191.63";"VT";"4,637.45";"4,172.59";"4,637.20";"3.64";"1.07"
"2026-08-18";"18:45";"202.16";"VT";"4,892.27";"4,401.93";"4,892.02";"3.64";"1.07"
"2026-08-18";"18:50";"202.16";"VT";"4,892.27";"4,401.93";"4,892.02";"3.64";"1.07"
"2026-08-18";"18:55";"202.16";"VT";"4,892.27";"4,401.93";"4,892.02";"3.64";"1.07"
"2026-08-18";"19:00";"192";"VT";"4,646.40";"4,180.65";"4,646.15";"3.64";"1.07"
"2026-08-18";"19:05";"192";"VT";"4,646.40";"4,180.65";"4,646.15";"3.64";"1.07"
"2026-08-18";"19:10";"192";"VT";"4,646.40";"4,180.65";"4,646.15";"3.64";"1.07"
"2026-08-18";"19:15";"195.7";"VT";"4,735.94";"4,261.23";"4,735.69";"3.64";"1.07"
"2026-08-18";"19:20";"195.7";"NT";"4,735.94";"4,261.23";"4,735.69";"3.34";"1.07"
"2026-08-18";"19:25";"195.7";"NT";"4,735.94";"4,261.23";"4,735.69";"3.34";"1.07"
"2026-08-18";"19:30";"204.68";"NT";"4,953.26";"4,456.82";"4,953.01";"3.34";"1.07"
"2026-08-18";"19:35";"204.68";"NT";"4,953.26";"4,456.82";"4,953.01";"3.34";"1.07"
"2026-08-18";"19:40";"204.68";"NT";"4,953.26";"4,456.82";"4,953.01";"3.34";"1.07"
"2026-08-18";"19:45";"213.36";"NT";"5,163.31";"4,645.87";"5,163.06";"3.34";"1.07"
"2026-08-18";"19:50";"213.36";"NT";"5,163.31";"4,645.87";"5,163.06";"3.34";"1.07"
"2026-08-18";"19:55";"213.36";"NT";"5,163.31";"4,645.87";"5,163.06";"3.34";"1.07"
"2026-08-18";"20:00";"205.3";"NT";"4,968.26";"4,470.32";"4,968.01";"3.34";"1.07"
"2026-08-18";"20:05";"205.3";"NT";"4,968.26";"4,470.32";"4,968.01";"3.34";"1.07"
"2026-08-18";"20:10";"205.3";"NT";"4,968.26";"4,470.32";"4,968.01";"3.34";"1.07"
"2026-08-18";"20:15";"204.6";"NT";"4,951.32";"4,455.08";"4,951.07";"3.34";"1.07"
"2026-08-18";"20:20";"204.6";"NT";"4,951.32";"4,455.08";"4,951.07";"3.34";"1.07"
"2026-08-18";"20:25";"204.6";"NT";"4,951.32";"4,455.08";"4,951.07";"3.34";"1.07"
"2026-08-18";"20:30";"205.1";"NT";"4,963.42";"4,465.97";"4,963.17";"3.34";"1.07"
"2026-08-18";"20:35";"205.1";"NT";"4,963.42";"4,465.97";"4,963.17";"3.34";"1.07"
"2026-08-18";"20:40";"205.1";"NT";"4,963.42";"4,465.97";"4,963.17";"3.34";"1.07"
"2026-08-18";"20:45";"205.96";"NT";"4,984.23";"4,484.70";"4,983.98";"3.34";"1.07"
"2026-08-18";"20:50";"205.96";"NT";"4,984.23";"4,484.70";"4,983.98";"3.34";"1.07"
"2026-08-18";"20:55";"205.96";"NT";"4,984.23";"4,484.70";"4,983.98";"3.34";"1.07"
"2026-08-18";"21:00";"211.89";"NT";"5,127.74";"4,613.85";"5,127.49";"3.34";"1.07"
"2026-08-18";"21:05";"211.89";"NT";"5,127.74";"4,613.85";"5,127.49";"3.34";"1.07"
"2026-08-18";"21:10";"211.89";"NT";"5,127.74";"4,613.85";"5,127.49";"3.34";"1.07"
"2026-08-18";"21:15";"210.52";"NT";"5,094.58";"4,584.01";"5,094.33";"3.34";"1.07"
"2026-08-18";"21:20";"210.52";"NT";"5,094.58";"4,584.01";"5,094.33";"3.34";"1.07"
"2026-08-18";"21:25";"210.52";"NT";"5,094.58";"4,584.01";"5,094.33";"3.34";"1.07"
"2026-08-18";"21:30";"196.03";"NT";"4,743.93";"4,268.42";"4,743.68";"3.34";"1.07"
"2026-08-18";"21:35";"196.03";"NT";"4,743.93";"4,268.42";"4,743.68";"3.34";"1.07"
"2026-08-18";"21:40";"196.03";"NT";"4,743.93";"4,268.42";"4,743.68";"3.34";"1.07"
"2026-08-18";"21:45";"187.02";"NT";"4,525.88";"4,072.18";"4,525.63";"3.34";"1.07"
"2026-08-18";"21:50";"187.02";"NT";"4,525.88";"4,072.18";"4,525.63";"3.34";"1.07"
"2026-08-18";"21:55";"187.02";"NT";"4,525.88";"4,072.18";"4,525.63";"3.34";"1.07"
"2026-08-18";"22:00";"200.23";"NT";"4,845.57";"4,359.90";"4,845.32";"3.34";"1.07"
"2026-08-18";"22:05";"200.23";"NT";"4,845.57";"4,359.90";"4,845.32";"3.34";"1.07"
"2026-08-18";"22:10";"200.23";"NT";"4,845.57";"4,359.90";"4,845.32";"3.34";"1.07"
"2026-08-18";"22:15";"195";"NT";"4,719.00";"4,245.99";"4,718.75";"3.34";"1.07"
"2026-08-18";"22:20";"195";"VT";"4,719.00";"4,245.99";"4,718.75";"3.64";"1.07"
"2026-08-18";"22:25";"195";"VT";"4,719.00";"4,245.99";"4,718.75";"3.64";"1.07"
"2026-08-18";"22:30";"188.25";"VT";"4,555.65";"4,098.97";"4,555.40";"3.64";"1.07"
"2026-08-18";"22:35";"188.25";"VT";"4,555.65";"4,098.97";"4,555.40";"3.64";"1.07"
"2026-08-18";"22:40";"188.25";"VT";"4,555.65";"4,098.97";"4,555.40";"3.64";"1.07"
"2026-08-18";"22:45";"182.06";"VT";"4,405.85";"3,964.16";"4,405.60";"3.64";"1.07"
"2026-08-18";"22:50";"182.06";"VT";"4,405.85";"3,964.16";"4,405.60";"3.64";"1.07"
"2026-08-18";"22:55";"182.06";"VT";"4,405.85";"3,964.16";"4,405.60";"3.64";"1.07"
"2026-08-18";"23:00";"191.52";"NT";"4,634.78";"4,170.19";"4,634.53";"3.34";"1.07"
"2026-08-18";"23:05";"191.52";"NT";"4,634.78";"4,170.19";"4,634.53";"3.34";"1.07"
"2026-08-18";"23:10";"191.52";"NT";"4,634.78";"4,170.19";"4,634.53";"3.34";"1.07"
"2026-08-18";"23:15";"177.9";"NT";"4,305.18";"3,873.55";"4,304.93";"3.34";"1.07"
"2026-08-18";"23:20";"177.9";"NT";"4,305.18";"3,873.55";"4,304.93";"3.34";"1.07"
"2026-08-18";"23:25";"177.9";"NT";"4,305.18";"3,873.55";"4,304.93";"3.34";"1.07"
"2026-08-18";"23:30";"174.25";"NT";"4,216.85";"3,794.05";"4,216.60";"3.34";"1.07"
"2026-08-18";"23:35";"174.25";"NT";"4,216.85";"3,794.05";"4,216.60";"3.34";"1.07"
"2026-08-18";"23:40";"174.25";"NT";"4,216.85";"3,794.05";"4,216.60";"3.34";"1.07"
"2026-08-18";"23:45";"164.9";"NT";"3,990.58";"3,590.41";"3,990.33";"3.34";"1.07"
"2026-08-18";"23:50";"164.9";"NT";"3,990.58";"3,590.41";"3,990.33";"3.34";"1.07"
"2026-08-18";"23:55";"164.9";"NT";"3,990.58";"3,590.41";"3,990.33";"3.34";"1.07"
"2026-08-19";"00:00";"192";"NT";"4,646.40";"4,180.65";"4,646.15";"3.34";"1.07"
"2026-08-19";"00:05";"192";"NT";"4,646.40";"4,180.65";"4,646.15";"3.34";"1.07"
"2026-08-19";"00:10";"192";"NT";"4,646.40";"4,180.65";"4,646.15";"3.34";"1.07"
"2026-08-19";"00:15";"179.12";"NT";"4,334.70";"3,900.12";"4,334.45";"3.34";"1.07"
"2026-08-19";"00:20";"179.12";"NT";"4,334.70";"3,900.12";"4,334.45";"3.34";"1.07"
"2026-08-19";"00:25";"179.12";"NT";"4,334.70";"3,900.12";"4,334.45";"3.34";"1.07"
"2026-08-19";"00:30";"174.36";"NT";"4,219.51";"3,796.45";"4,219.26";"3.34";"1.07"
"2026-08-19";"00:35";"174.36";"NT";"4,219.51";"3,796.45";"4,219.26";"3.34";"1.07"
"2026-08-19";"00:40";"174.36";"NT";"4,219.51";"3,796.45";"4,219.26";"3.34";"1.07"
"2026-08-19";"00:45";"160.92";"NT";"3,894.26";"3,503.73";"3,894.01";"3.34";"1.07"
"2026-08-19";"00:50";"160.92";"NT";"3,894.26";"3,503.73";"3,894.01";"3.34";"1.07"
"2026-08-19";"00:55";"160.92";"NT";"3,894.26";"3,503.73";"3,894.01";"3.34";"1.07"
"2026-08-19";"01:00";"163.46";"NT";"3,955.73";"3,559.05";"3,955.48";"3.34";"1.07"
"2026-08-19";"01:05";"163.46";"NT";"3,955.73";"3,559.05";"3,955.48";"3.34";"1.07"
"2026-08-19";"01:10";"163.46";"NT";"3,955.73";"3,559.05";"3,955.48";"3.34";"1.07"
"2026-08-19";"01:15";"157.81";"NT";"3,819.00";"3,435.99";"3,818.75";"3.34";"1.07"
"2026-08-19";"01:20";"157.81";"NT";"3,819.00";"3,435.99";"3,818.75";"3.34";"1.07"
"2026-08-19";"01:25";"157.81";"NT";"3,819.00";"3,435.99";"3,818.75";"3.34";"1.07"
"2026-08-19";"01:30";"156.13";"NT";"3,778.35";"3,399.40";"3,778.10";"3.34";"1.07"
"2026-08-19";"01:35";"156.13";"NT";"3,778.35";"3,399.40";"3,778.10";"3.34";"1.07"
"2026-08-19";"01:40";"156.13";"NT";"3,778.35";"3,399.40";"3,778.10";"3.34";"1.07"
"2026-08-19";"01:45";"153";"NT";"3,702.60";"3,331.23";"3,702.35";"3.34";"1.07"
"2026-08-19";"01:50";"153";"NT";"3,702.60";"3,331.23";"3,702.35";"3.34";"1.07"
"2026-08-19";"01:55";"153";"NT";"3,702.60";"3,331.23";"3,702.35";"3.34";"1.07"
"2026-08-19";"02:00";"156.88";"VT";"3,796.50";"3,415.74";"3,796.25";"3.64";"1.07"
"2026-08-19";"02:05";"156.88";"VT";"3,796.50";"3,415.74";"3,796.25";"3.64";"1.07"
"2026-08-19";"02:10";"156.88";"VT";"3,796.50";"3,415.74";"3,796.25";"3.64";"1.07"
"2026-08-19";"02:15";"151.89";"VT";"3,675.74";"3,307.05";"3,675.49";"3.64";"1.07"
"2026-08-19";"02:20";"151.89";"VT";"3,675.74";"3,307.05";"3,675.49";"3.64";"1.07"
"2026-08-19";"02:25";"151.89";"VT";"3,675.74";"3,307.05";"3,675.49";"3.64";"1.07"
"2026-08-19";"02:30";"150.39";"VT";"3,639.44";"3,274.38";"3,639.19";"3.64";"1.07"
"2026-08-19";"02:35";"150.39";"VT";"3,639.44";"3,274.38";"3,639.19";"3.64";"1.07"
"2026-08-19";"02:40";"150.39";"NT";"3,639.44";"3,274.38";"3,639.19";"3.34";"1.07"
"2026-08-19";"02:45";"146.49";"NT";"3,545.06";"3,189.44";"3,544.81";"3.34";"1.07"
"2026-08-19";"02:50";"146.49";"NT";"3,545.06";"3,189.44";"3,544.81";"3.34";"1.07"
"2026-08-19";"02:55";"146.49";"NT";"3,545.06";"3,189.44";"3,544.81";"3.34";"1.07"
"2026-08-19";"03:00";"147.52";"NT";"3,569.98";"3,211.87";"3,569.73";"3.34";"1.07"
"2026-08-19";"03:05";"147.52";"NT";"3,569.98";"3,211.87";"3,569.73";"3.34";"1.07"
"2026-08-19";"03:10";"147.52";"NT";"3,569.98";"3,211.87";"3,569.73";"3.34";"1.07"
"2026-08-19";"03:15";"147.94";"NT";"3,580.15";"3,221.02";"3,579.90";"3.34";"1.07"
"2026-08-19";"03:20";"147.94";"NT";"3,580.15";"3,221.02";"3,579.90";"3.34";"1.07"
"2026-08-19";"03:25";"147.94";"NT";"3,580.15";"3,221.02";"3,579.90";"3.34";"1.07"
"2026-08-19";"03:30";"146.48";"NT";"3,544.82";"3,189.22";"3,544.57";"3.34";"1.07"
"2026-08-19";"03:35";"146.48";"NT";"3,544.82";"3,189.22";"3,544.57";"3.34";"1.07"
"2026-08-19";"03:40";"146.48";"NT";"3,544.82";"3,189.22";"3,544.57";"3.34";"1.07"
"2026-08-19";"03:45";"147.26";"NT";"3,563.69";"3,206.21";"3,563.44";"3.34";"1.07"
"2026-08-19";"03:50";"147.26";"NT";"3,563.69";"3,206.21";"3,563.44";"3.34";"1.07"
"2026-08-19";"03:55";"147.26";"NT";"3,563.69";"3,206.21";"3,563.44";"3.34";"1.07"
"2026-08-19";"04:00";"148.07";"NT";"3,583.29";"3,223.85";"3,583.04";"3.34";"1.07"
"2026-08-19";"04:05";"148.07";"NT";"3,583.29";"3,223.85";"3,583.04";"3.34";"1.07"
"2026-08-19";"04:10";"148.07";"NT";"3,583.29";"3,223.85";"3,583.04";"3.34";"1.07"
"2026-08-19";"04:15";"148.82";"NT";"3,601.44";"3,240.19";"3,601.19";"3.34";"1.07"
"2026-08-19";"04:20";"148.82";"NT";"3,601.44";"3,240.19";"3,601.19";"3.34";"1.07"
"2026-08-19";"04:25";"148.82";"NT";"3,601.44";"3,240.19";"3,601.19";"3.34";"1.07"
"2026-08-19";"04:30";"150";"NT";"3,630.00";"3,265.89";"3,629.75";"3.34";"1.07"
"2026-08-19";"04:35";"150";"NT";"3,630.00";"3,265.89";"3,629.75";"3.34";"1.07"
"2026-08-19";"04:40";"150";"NT";"3,630.00";"3,265.89";"3,629.75";"3.34";"1.07"
"2026-08-19";"04:45";"149.09";"NT";"3,607.98";"3,246.07";"3,607.73";"3.34";"1.07"
"2026-08-19";"04:50";"149.09";"NT";"3,607.98";"3,246.07";"3,607.73";"3.34";"1.07"
"2026-08-19";"04:55";"149.09";"NT";"3,607.98";"3,246.07";"3,607.73";"3.34";"1.07"
"2026-08-19";"05:00";"155.03";"NT";"3,751.73";"3,375.44";"3,751.48";"3.34";"1.07"
"2026-08-19";"05:05";"155.03";"NT";"3,751.73";"3,375.44";"3,751.48";"3.34";"1.07"
"2026-08-19";"05:10";"155.03";"NT";"3,751.73";"3,375.44";"3,751.48";"3.34";"1.07"
"2026-08-19";"05:15";"155.23";"NT";"3,756.57";"3,379.80";"3,756.32";"3.34";"1.07"
"2026-08-19";"05:20";"155.23";"NT";"3,756.57";"3,379.80";"3,756.32";"3.34";"1.07"
"2026-08-19";"05:25";"155.23";"NT";"3,756.57";"3,379.80";"3,756.32";"3.34";"1.07"
"2026-08-19";"05:30";"162.46";"NT";"3,931.53";"3,537.27";"3,931.28";"3.34";"1.07"
"2026-08-19";"05:35";"162.46";"NT";"3,931.53";"3,537.27";"3,931.28";"3.34";"1.07"
"2026-08-19";"05:40";"162.46";"NT";"3,931.53";"3,537.27";"3,931.28";"3.34";"1.07"
"2026-08-19";"05:45";"175.19";"NT";"4,239.60";"3,814.53";"4,239.35";"3.34";"1.07"
"2026-08-19";"05:50";"175.19";"NT";"4,239.60";"3,814.53";"4,239.35";"3.34";"1.07"
"2026-08-19";"05:55";"175.19";"NT";"4,239.60";"3,814.53";"4,239.35";"3.34";"1.07"
"2026-08-19";"06:00";"173.57";"NT";"4,200.39";"3,779.24";"4,200.14";"3.34";"1.07"
"2026-08-19";"06:05";"173.57";"NT";"4,200.39";"3,779.24";"4,200.14";"3.34";"1.07"
"2026-08-19";"06:10";"173.57";"NT";"4,200.39";"3,779.24";"4,200.14";"3.34";"1.07"
"2026-08-19";"06:15";"185.18";"NT";"4,481.36";"4,032.11";"4,481.11";"3.34";"1.07"
"2026-08-19";"06:20";"185.18";"NT";"4,481.36";"4,032.11";"4,481.11";"3.34";"1.07"
"2026-08-19";"06:25";"185.18";"NT";"4,481.36";"4,032.11";"4,481.11";"3.34";"1.07"
"2026-08-19";"06:30";"188.92";"NT";"4,571.86";"4,113.57";"4,571.61";"3.34";"1.07"
"2026-08-19";"06:35";"188.92";"NT";"4,571.86";"4,113.57";"4,571.61";"3.34";"1.07"
"2026-08-19";"06:40";"188.92";"VT";"4,571.86";"4,113.57";"4,571.61";"3.64";"1.07"
"2026-08-19";"06:45";"192.23";"VT";"4,651.97";"4,185.66";"4,651.72";"3.64";"1.07"
"2026-08-19";"06:50";"192.23";"VT";"4,651.97";"4,185.66";"4,651.72";"3.64";"1.07"
"2026-08-19";"06:55";"192.23";"VT";"4,651.97";"4,185.66";"4,651.72";"3.64";"1.07"
"2026-08-19";"07:00";"197";"VT";"4,767.40";"4,289.55";"4,767.15";"3.64";"1.07"
"2026-08-19";"07:05";"197";"VT";"4,767.40";"4,289.55";"4,767.15";"3.64";"1.07"
"2026-08-19";"07:10";"197";"VT";"4,767.40";"4,289.55";"4,767.15";"3.64";"1.07"
"2026-08-19";"07:15";"192.85";"VT";"4,666.97";"4,199.16";"4,666.72";"3.64";"1.07"
"2026-08-19";"07:20";"192.85";"NT";"4,666.97";"4,199.16";"4,666.72";"3.34";"1.07"
"2026-08-19";"07:25";"192.85";"NT";"4,666.97";"4,199.16";"4,666.72";"3.34";"1.07"
"2026-08-19";"07:30";"191.72";"NT";"4,639.62";"4,174.55";"4,639.37";"3.34";"1.07"
"2026-08-19";"07:35";"191.72";"NT";"4,639.62";"4,174.55";"4,639.37";"3.34";"1.07"
"2026-08-19";"07:40";"191.72";"NT";"4,639.62";"4,174.55";"4,639.37";"3.34";"1.07"
"2026-08-19";"07:45";"188.95";"NT";"4,572.59";"4,114.22";"4,572.34";"3.34";"1.07"
"2026-08-19";"07:50";"188.95";"NT";"4,572.59";"4,114.22";"4,572.34";"3.34";"1.07"
"2026-08-19";"07:55";"188.95";"NT";"4,572.59";"4,114.22";"4,572.34";"3.34";"1.07"
"2026-08-19";"08:00";"202";"NT";"4,888.40";"4,398.45";"4,888.15";"3.34";"1.07"
"2026-08-19";"08:05";"202";"NT";"4,888.40";"4,398.45";"4,888.15";"3.34";"1.07"
"2026-08-19";"08:10";"202";"NT";"4,888.40";"4,398.45";"4,888.15";"3.34";"1.07"
"2026-08-19";"08:15";"194.13";"NT";"4,697.95";"4,227.04";"4,697.70";"3.34";"1.07"
"2026-08-19";"08:20";"194.13";"NT";"4,697.95";"4,227.04";"4,697.70";"3.34";"1.07"
"2026-08-19";"08:25";"194.13";"NT";"4,697.95";"4,227.04";"4,697.70";"3.34";"1.07"
"2026-08-19";"08:30";"186.99";"NT";"4,525.16";"4,071.53";"4,524.91";"3.34";"1.07"
"2026-08-19";"08:35";"186.99";"NT";"4,525.16";"4,071.53";"4,524.91";"3.34";"1.07"
"2026-08-19";"08:40";"186.99";"NT";"4,525.16";"4,071.53";"4,524.91";"3.34";"1.07"
"2026-08-19";"08:45";"180.34";"NT";"4,364.23";"3,926.69";"4,363.98";"3.34";"1.07"
"2026-08-19";"08:50";"180.34";"NT";"4,364.23";"3,926.69";"4,363.98";"3.34";"1.07"
"2026-08-19";"08:55";"180.34";"NT";"4,364.23";"3,926.69";"4,363.98";"3.34";"1.07"
"2026-08-19";"09:00";"200";"NT";"4,840.00";"4,354.89";"4,839.75";"3.34";"1.07"
"2026-08-19";"09:05";"200";"NT";"4,840.00";"4,354.89";"4,839.75";"3.34";"1.07"
"2026-08-19";"09:10";"200";"NT";"4,840.00";"4,354.89";"4,839.75";"3.34";"1.07"
"2026-08-19";"09:15";"179.92";"NT";"4,354.06";"3,917.55";"4,353.81";"3.34";"1.07"
"2026-08-19";"09:20";"179.92";"NT";"4,354.06";"3,917.55";"4,353.81";"3.34";"1.07"
"2026-08-19";"09:25";"179.92";"NT";"4,354.06";"3,917.55";"4,353.81";"3.34";"1.07"
"2026-08-19";"09:30";"155";"NT";"3,751.00";"3,374.79";"3,750.75";"3.34";"1.07"
"2026-08-19";"09:35";"155";"NT";"3,751.00";"3,374.79";"3,750.75";"3.34";"1.07"
"2026-08-19";"09:40";"155";"NT";"3,751.00";"3,374.79";"3,750.75";"3.34";"1.07"
"2026-08-19";"09:45";"143.78";"NT";"3,479.48";"3,130.42";"3,479.23";"3.34";"1.07"
"2026-08-19";"09:50";"143.78";"NT";"3,479.48";"3,130.42";"3,479.23";"3.34";"1.07"
"2026-08-19";"09:55";"143.78";"NT";"3,479.48";"3,130.42";"3,479.23";"3.34";"1.07"
"2026-08-19";"10:00";"163";"NT";"3,944.60";"3,549.03";"3,944.35";"3.34";"1.07"
"2026-08-19";"10:05";"163";"NT";"3,944.60";"3,549.03";"3,944.35";"3.34";"1.07"
"2026-08-19";"10:10";"163";"NT";"3,944.60";"3,549.03";"3,944.35";"3.34";"1.07"
"2026-08-19";"10:15";"154.9";"NT";"3,748.58";"3,372.61";"3,748.33";"3.34";"1.07"
"2026-08-19";"10:20";"154.9";"NT";"3,748.58";"3,372.61";"3,748.33";"3.34";"1.07"
"2026-08-19";"10:25";"154.9";"NT";"3,748.58";"3,372.61";"3,748.33";"3.34";"1.07"
"2026-08-19";"10:30";"146.43";"NT";"3,543.61";"3,188.13";"3,543.36";"3.34";"1.07"
"2026-08-19";"10:35";"146.43";"NT";"3,543.61";"3,188.13";"3,543.36";"3.34";"1.07"
"2026-08-19";"10:40";"146.43";"NT";"3,543.61";"3,188.13";"3,543.36";"3.34";"1.07"
"2026-08-19";"10:45";"145.73";"NT";"3,526.67";"3,172.89";"3,526.42";"3.34";"1.07"
"2026-08-19";"10:50";"145.73";"NT";"3,526.67";"3,172.89";"3,526.42";"3.34";"1.07"
"2026-08-19";"10:55";"145.73";"NT";"3,526.67";"3,172.89";"3,526.42";"3.34";"1.07"
"2026-08-19";"11:00";"145.69";"VT";"3,525.70";"3,172.02";"3,525.45";"3.64";"1.07"
"2026-08-19";"11:05";"145.69";"VT";"3,525.70";"3,172.02";"3,525.45";"3.64";"1.07"
"2026-08-19";"11:10";"145.69";"VT";"3,525.70";"3,172.02";"3,525.45";"3.64";"1.07"
"2026-08-19";"11:15";"146.02";"VT";"3,533.68";"3,179.20";"3,533.43";"3.64";"1.07"
"2026-08-19";"11:20";"146.02";"VT";"3,533.68";"3,179.20";"3,533.43";"3.64";"1.07"
"2026-08-19";"11:25";"146.02";"VT";"3,533.68";"3,179.20";"3,533.43";"3.64";"1.07"
"2026-08-19";"11:30";"142.13";"VT";"3,439.55";"3,094.48";"3,439.30";"3.64";"1.07"
"2026-08-19";"11:35";"142.13";"VT";"3,439.55";"3,094.48";"3,439.30";"3.64";"1.07"
"2026-08-19";"11:40";"142.13";"NT";"3,439.55";"3,094.48";"3,439.30";"3.34";"1.07"
"2026-08-19";"11:45";"138";"NT";"3,339.60";"3,004.53";"3,339.35";"3.34";"1.07"
"2026-08-19";"11:50";"138";"NT";"3,339.60";"3,004.53";"3,339.35";"3.34";"1.07"
"2026-08-19";"11:55";"138";"NT";"3,339.60";"3,004.53";"3,339.35";"3.34";"1.07"
"2026-08-19";"12:00";"143.44";"NT";"3,471.25";"3,123.01";"3,471.00";"3.34";"1.07"
"2026-08-19";"12:05";"143.44";"NT";"3,471.25";"3,123.01";"3,471.00";"3.34";"1.07"
"2026-08-19";"12:10";"143.44";"NT";"3,471.25";"3,123.01";"3,471.00";"3.34";"1.07"
"2026-08-19";"12:15";"135.42";"NT";"3,277.16";"2,948.34";"3,276.91";"3.34";"1.07"
"2026-08-19";"12:20";"135.42";"NT";"3,277.16";"2,948.34";"3,276.91";"3.34";"1.07"
"2026-08-19";"12:25";"135.42";"NT";"3,277.16";"2,948.34";"3,276.91";"3.34";"1.07"
"2026-08-19";"12:30";"134.6";"NT";"3,257.32";"2,930.48";"3,257.07";"3.34";"1.07"
"2026-08-19";"12:35";"134.6";"NT";"3,257.32";"2,930.48";"3,257.07";"3.34";"1.07"
"2026-08-19";"12:40";"134.6";"NT";"3,257.32";"2,930.48";"3,257.07";"3.34";"1.07"
"2026-08-19";"12:45";"130.87";"NT";"3,167.05";"2,849.24";"3,166.80";"3.34";"1.07"
"2026-08-19";"12:50";"130.87";"NT";"3,167.05";"2,849.24";"3,166.80";"3.34";"1.07"
"2026-08-19";"12:55";"130.87";"NT";"3,167.05";"2,849.24";"3,166.80";"3.34";"1.07"
"2026-08-19";"13:00";"133.2";"NT";"3,223.44";"2,899.98";"3,223.19";"3.34";"1.07"
"2026-08-19";"13:05";"133.2";"NT";"3,223.44";"2,899.98";"3,223.19";"3.34";"1.07"
"2026-08-19";"13:10";"133.2";"NT";"3,223.44";"2,899.98";"3,223.19";"3.34";"1.07"
"2026-08-19";"13:15";"129.27";"NT";"3,128.33";"2,814.39";"3,128.08";"3.34";"1.07"
"2026-08-19";"13:20";"129.27";"NT";"3,128.33";"2,814.39";"3,128.08";"3.34";"1.07"
"2026-08-19";"13:25";"129.27";"NT";"3,128.33";"2,814.39";"3,128.08";"3.34";"1.07"
"2026-08-19";"13:30";"124.79";"NT";"3,019.92";"2,716.82";"3,019.67";"3.34";"1.07"
"2026-08-19";"13:35";"124.79";"NT";"3,019.92";"2,716.82";"3,019.67";"3.34";"1.07"
"2026-08-19";"13:40";"124.79";"NT";"3,019.92";"2,716.82";"3,019.67";"3.34";"1.07"
"2026-08-19";"13:45";"123.48";"NT";"2,988.22";"2,688.28";"2,987.97";"3.34";"1.07"
"2026-08-19";"13:50";"123.48";"NT";"2,988.22";"2,688.28";"2,987.97";"3.34";"1.07"
"2026-08-19";"13:55";"123.48";"NT";"2,988.22";"2,688.28";"2,987.97";"3.34";"1.07"
"2026-08-19";"14:00";"127.86";"VT";"3,094.21";"2,783.68";"3,093.96";"3.64";"1.07"
"2026-08-19";"14:05";"127.86";"VT";"3,094.21";"2,783.68";"3,093.96";"3.64";"1.07"
"2026-08-19";"14:10";"127.86";"VT";"3,094.21";"2,783.68";"3,093.96";"3.64";"1.07"
"2026-08-19";"14:15";"129.13";"VT";"3,124.95";"2,811.34";"3,124.70";"3.64";"1.07"
"2026-08-19";"14:20";"129.13";"VT";"3,124.95";"2,811.34";"3,124.70";"3.64";"1.07"
"2026-08-19";"14:25";"129.13";"VT";"3,124.95";"2,811.34";"3,124.70";"3.64";"1.07"
"2026-08-19";"14:30";"126.67";"VT";"3,065.41";"2,757.76";"3,065.16";"3.64";"1.07"
"2026-08-19";"14:35";"126.67";"VT";"3,065.41";"2,757.76";"3,065.16";"3.64";"1.07"
"2026-08-19";"14:40";"126.67";"NT";"3,065.41";"2,757.76";"3,065.16";"3.34";"1.07"
"2026-08-19";"14:45";"126.93";"NT";"3,071.71";"2,763.42";"3,071.46";"3.34";"1.07"
"2026-08-19";"14:50";"126.93";"NT";"3,071.71";"2,763.42";"3,071.46";"3.34";"1.07"
"2026-08-19";"14:55";"126.93";"NT";"3,071.71";"2,763.42";"3,071.46";"3.34";"1.07"
"2026-08-19";"15:00";"125.14";"NT";"3,028.39";"2,724.44";"3,028.14";"3.34";"1.07"
"2026-08-19";"15:05";"125.14";"NT";"3,028.39";"2,724.44";"3,028.14";"3.34";"1.07"
"2026-08-19";"15:10";"125.14";"NT";"3,028.39";"2,724.44";"3,028.14";"3.34";"1.07"
"2026-08-19";"15:15";"129.36";"NT";"3,130.51";"2,816.35";"3,130.26";"3.34";"1.07"
"2026-08-19";"15:20";"129.36";"NT";"3,130.51";"2,816.35";"3,130.26";"3.34";"1.07"
"2026-08-19";"15:25";"129.36";"NT";"3,130.51";"2,816.35";"3,130.26";"3.34";"1.07"
"2026-08-19";"15:30";"132.84";"NT";"3,214.73";"2,892.14";"3,214.48";"3.34";"1.07"
"2026-08-19";"15:35";"132.84";"NT";"3,214.73";"2,892.14";"3,214.48";"3.34";"1.07"
"2026-08-19";"15:40";"132.84";"NT";"3,214.73";"2,892.14";"3,214.48";"3.34";"1.07"
"2026-08-19";"15:45";"136.24";"NT";"3,297.01";"2,966.20";"3,296.76";"3.34";"1.07"
"2026-08-19";"15:50";"136.24";"NT";"3,297.01";"2,966.20";"3,296.76";"3.34";"1.07"
"2026-08-19";"15:55";"136.24";"NT";"3,297.01";"2,966.20";"3,296.76";"3.34";"1.07"
"2026-08-19";"16:00";"130";"NT";"3,146.00";"2,830.29";"3,145.75";"3.34";"1.07"
"2026-08-19";"16:05";"130";"NT";"3,146.00";"2,830.29";"3,145.75";"3.34";"1.07"
"2026-08-19";"16:10";"130";"NT";"3,146.00";"2,830.29";"3,145.75";"3.34";"1.07"
"2026-08-19";"16:15";"135";"NT";"3,267.00";"2,939.19";"3,266.75";"3.34";"1.07"
"2026-08-19";"16:20";"135";"NT";"3,267.00";"2,939.19";"3,266.75";"3.34";"1.07"
"2026-08-19";"16:25";"135";"NT";"3,267.00";"2,939.19";"3,266.75";"3.34";"1.07"
"2026-08-19";"16:30";"143.14";"NT";"3,463.99";"3,116.48";"3,463.74";"3.34";"1.07"
"2026-08-19";"16:35";"143.14";"NT";"3,463.99";"3,116.48";"3,463.74";"3.34";"1.07"
"2026-08-19";"16:40";"143.14";"NT";"3,463.99";"3,116.48";"3,463.74";"3.34";"1.07"
"2026-08-19";"16:45";"153.29";"NT";"3,709.62";"3,337.55";"3,709.37";"3.34";"1.07"
"2026-08-19";"16:50";"153.29";"NT";"3,709.62";"3,337.55";"3,709.37";"3.34";"1.07"
"2026-08-19";"16:55";"153.29";"NT";"3,709.62";"3,337.55";"3,709.37";"3.34";"1.07"
"2026-08-19";"17:00";"138.08";"NT";"3,341.54";"3,006.27";"3,341.29";"3.34";"1.07"
"2026-08-19";"17:05";"138.08";"NT";"3,341.54";"3,006.27";"3,341.29";"3.34";"1.07"
"2026-08-19";"17:10";"138.08";"NT";"3,341.54";"3,006.27";"3,341.29";"3.34";"1.07"
"2026-08-19";"17:15";"150.47";"NT";"3,641.37";"3,276.13";"3,641.12";"3.34";"1.07"
"2026-08-19";"17:20";"150.47";"NT";"3,641.37";"3,276.13";"3,641.12";"3.34";"1.07"
"2026-08-19";"17:25";"150.47";"NT";"3,641.37";"3,276.13";"3,641.12";"3.34";"1.07"
"2026-08-19";"17:30";"165.19";"NT";"3,997.60";"3,596.73";"3,997.35";"3.34";"1.07"
"2026-08-19";"17:35";"165.19";"NT";"3,997.60";"3,596.73";"3,997.35";"3.34";"1.07"
"2026-08-19";"17:40";"165.19";"NT";"3,997.60";"3,596.73";"3,997.35";"3.34";"1.07"
"2026-08-19";"17:45";"181.66";"NT";"4,396.17";"3,955.44";"4,395.92";"3.34";"1.07"
"2026-08-19";"17:50";"181.66";"NT";"4,396.17";"3,955.44";"4,395.92";"3.34";"1.07"
"2026-08-19";"17:55";"181.66";"NT";"4,396.17";"3,955.44";"4,395.92";"3.34";"1.07"
"2026-08-19";"18:00";"167.25";"NT";"4,047.45";"3,641.59";"4,047.20";"3.34";"1.07"
"2026-08-19";"18:05";"167.25";"NT";"4,047.45";"3,641.59";"4,047.20";"3.34";"1.07"
"2026-08-19";"18:10";"167.25";"NT";"4,047.45";"3,641.59";"4,047.20";"3.34";"1.07"
"2026-08-19";"18:15";"181.11";"NT";"4,382.86";"3,943.46";"4,382.61";"3.34";"1.07"
"2026-08-19";"18:20";"181.11";"NT";"4,382.86";"3,943.46";"4,382.61";"3.34";"1.07"
"2026-08-19";"18:25";"181.11";"NT";"4,382.86";"3,943.46";"4,382.61";"3.34";"1.07"
"2026-08-19";"18:30";"193.52";"NT";"4,683.18";"4,213.75";"4,682.93";"3.34";"1.07"
"2026-08-19";"18:35";"193.52";"NT";"4,683.18";"4,213.75";"4,682.93";"3.34";"1.07"
"2026-08-19";"18:40";"193.52";"VT";"4,683.18";"4,213.75";"4,682.93";"3.64";"1.07"
"2026-08-19";"18:45";"203.04";"VT";"4,913.57";"4,421.10";"4,913.32";"3.64";"1.07"
"2026-08-19";"18:50";"203.04";"VT";"4,913.57";"4,421.10";"4,913.32";"3.64";"1.07"
"2026-08-19";"18:55";"203.04";"VT";"4,913.57";"4,421.10";"4,913.32";"3.64";"1.07"
"2026-08-19";"19:00";"193.01";"VT";"4,670.84";"4,202.65";"4,670.59";"3.64";"1.07"
"2026-08-19";"19:05";"193.01";"VT";"4,670.84";"4,202.65";"4,670.59";"3.64";"1.07"
"2026-08-19";"19:10";"193.01";"VT";"4,670.84";"4,202.65";"4,670.59";"3.64";"1.07"
"2026-08-19";"19:15";"205.26";"VT";"4,967.29";"4,469.45";"4,967.04";"3.64";"1.07"
"2026-08-19";"19:20";"205.26";"NT";"4,967.29";"4,469.45";"4,967.04";"3.34";"1.07"
"2026-08-19";"19:25";"205.26";"NT";"4,967.29";"4,469.45";"4,967.04";"3.34";"1.07"
"2026-08-19";"19:30";"215.99";"NT";"5,226.96";"4,703.15";"5,226.71";"3.34";"1.07"
"2026-08-19";"19:35";"215.99";"NT";"5,226.96";"4,703.15";"5,226.71";"3.34";"1.07"
"2026-08-19";"19:40";"215.99";"NT";"5,226.96";"4,703.15";"5,226.71";"3.34";"1.07"
"2026-08-19";"19:45";"221.78";"NT";"5,367.08";"4,829.26";"5,366.83";"3.34";"1.07"
"2026-08-19";"19:50";"221.78";"NT";"5,367.08";"4,829.26";"5,366.83";"3.34";"1.07"
"2026-08-19";"19:55";"221.78";"NT";"5,367.08";"4,829.26";"5,366.83";"3.34";"1.07"
"2026-08-19";"20:00";"198.06";"NT";"4,793.05";"4,312.64";"4,792.80";"3.34";"1.07"
"2026-08-19";"20:05";"198.06";"NT";"4,793.05";"4,312.64";"4,792.80";"3.34";"1.07"
"2026-08-19";"20:10";"198.06";"NT";"4,793.05";"4,312.64";"4,792.80";"3.34";"1.07"
"2026-08-19";"20:15";"208.69";"NT";"5,050.30";"4,544.16";"5,050.05";"3.34";"1.07"
"2026-08-19";"20:20";"208.69";"NT";"5,050.30";"4,544.16";"5,050.05";"3.34";"1.07"
"2026-08-19";"20:25";"208.69";"NT";"5,050.30";"4,544.16";"5,050.05";"3.34";"1.07"
"2026-08-19";"20:30";"212.6";"NT";"5,144.92";"4,629.32";"5,144.67";"3.34";"1.07"
"2026-08-19";"20:35";"212.6";"NT";"5,144.92";"4,629.32";"5,144.67";"3.34";"1.07"
"2026-08-19";"20:40";"212.6";"NT";"5,144.92";"4,629.32";"5,144.67";"3.34";"1.07"
"2026-08-19";"20:45";"216.74";"NT";"5,245.11";"4,719.49";"5,244.86";"3.34";"1.07"
"2026-08-19";"20:50";"216.74";"NT";"5,245.11";"4,719.49";"5,244.86";"3.34";"1.07"
"2026-08-19";"20:55";"216.74";"NT";"5,245.11";"4,719.49";"5,244.86";"3.34";"1.07"
"2026-08-19";"21:00";"212.86";"NT";"5,151.21";"4,634.98";"5,150.96";"3.34";"1.07"
"2026-08-19";"21:05";"212.86";"NT";"5,151.21";"4,634.98";"5,150.96";"3.34";"1.07"
"2026-08-19";"21:10";"212.86";"NT";"5,151.21";"4,634.98";"5,150.96";"3.34";"1.07"
"2026-08-19";"21:15";"211.1";"NT";"5,108.62";"4,596.65";"5,108.37";"3.34";"1.07"
"2026-08-19";"21:20";"211.1";"NT";"5,108.62";"4,596.65";"5,108.37";"3.34";"1.07"
"2026-08-19";"21:25";"211.1";"NT";"5,108.62";"4,596.65";"5,108.37";"3.34";"1.07"
"2026-08-19";"21:30";"203.54";"NT";"4,925.67";"4,431.99";"4,925.42";"3.34";"1.07"
"2026-08-19";"21:35";"203.54";"NT";"4,925.67";"4,431.99";"4,925.42";"3.34";"1.07"
"2026-08-19";"21:40";"203.54";"NT";"4,925.67";"4,431.99";"4,925.42";"3.34";"1.07"
"2026-08-19";"21:45";"196.99";"NT";"4,767.16";"4,289.33";"4,766.91";"3.34";"1.07"
"2026-08-19";"21:50";"196.99";"NT";"4,767.16";"4,289.33";"4,766.91";"3.34";"1.07"
"2026-08-19";"21:55";"196.99";"NT";"4,767.16";"4,289.33";"4,766.91";"3.34";"1.07"
"2026-08-19";"22:00";"206.89";"NT";"5,006.74";"4,504.95";"5,006.49";"3.34";"1.07"
"2026-08-19";"22:05";"206.89";"NT";"5,006.74";"4,504.95";"5,006.49";"3.34";"1.07"
"2026-08-19";"22:10";"206.89";"NT";"5,006.74";"4,504.95";"5,006.49";"3.34";"1.07"
"2026-08-19";"22:15";"201.18";"NT";"4,868.56";"4,380.59";"4,868.31";"3.34";"1.07"
"2026-08-19";"22:20";"201.18";"VT";"4,868.56";"4,380.59";"4,868.31";"3.64";"1.07"
"2026-08-19";"22:25";"201.18";"VT";"4,868.56";"4,380.59";"4,868.31";"3.64";"1.07"
"2026-08-19";"22:30";"198";"VT";"4,791.60";"4,311.33";"4,791.35";"3.64";"1.07"
"2026-08-19";"22:35";"198";"VT";"4,791.60";"4,311.33";"4,791.35";"3.64";"1.07"
"2026-08-19";"22:40";"198";"VT";"4,791.60";"4,311.33";"4,791.35";"3.64";"1.07"
"2026-08-19";"22:45";"190.32";"VT";"4,605.74";"4,144.06";"4,605.49";"3.64";"1.07"
"2026-08-19";"22:50";"190.32";"VT";"4,605.74";"4,144.06";"4,605.49";"3.64";"1.07"
"2026-08-19";"22:55";"190.32";"VT";"4,605.74";"4,144.06";"4,605.49";"3.64";"1.07"
"2026-08-19";"23:00";"196";"NT";"4,743.20";"4,267.77";"4,742.95";"3.34";"1.07"
"2026-08-19";"23:05";"196";"NT";"4,743.20";"4,267.77";"4,742.95";"3.34";"1.07"
"2026-08-19";"23:10";"196";"NT";"4,743.20";"4,267.77";"4,742.95";"3.34";"1.07"
"2026-08-19";"23:15";"190.1";"NT";"4,600.42";"4,139.27";"4,600.17";"3.34";"1.07"
"2026-08-19";"23:20";"190.1";"NT";"4,600.42";"4,139.27";"4,600.17";"3.34";"1.07"
"2026-08-19";"23:25";"190.1";"NT";"4,600.42";"4,139.27";"4,600.17";"3.34";"1.07"
"2026-08-19";"23:30";"185";"NT";"4,477.00";"4,028.19";"4,476.75";"3.34";"1.07"
"2026-08-19";"23:35";"185";"NT";"4,477.00";"4,028.19";"4,476.75";"3.34";"1.07"
"2026-08-19";"23:40";"185";"NT";"4,477.00";"4,028.19";"4,476.75";"3.34";"1.07"
"2026-08-19";"23:45";"175.09";"NT";"4,237.18";"3,812.35";"4,236.93";"3.34";"1.07"
"2026-08-19";"23:50";"175.09";"NT";"4,237.18";"3,812.35";"4,236.93";"3.34";"1.07"
"2026-08-19";"23:55";"175.09";"NT";"4,237.18";"3,812.35";"4,236.93";"3.34";"1.07"
